{"cameraMode":{"drawMode":0,"name":"Shaded","section":"Shading Mode"},"sceneLighting":true,"audioPlay":false,"sceneViewState":{"showFog":true,"showMaterialUpdate":false,"showSkybox":true,"showFlares":true,"showImageEffects":true,"showParticleSystems":true},"in2DMode":false,"pivot":{"x":492.6283264160156,"y":2.9781970977783205,"z":514.5617065429688},"rotation":{"x":-0.15419428050518037,"y":-0.006819667760282755,"z":0.001064346288330853,"w":-0.9880164861679077},"size":30.399505615234376,"orthographic":false}