{"cameraMode":{"drawMode":0,"name":"Shaded","section":"Shading Mode"},"sceneLighting":false,"audioPlay":false,"sceneViewState":{"showFog":true,"showMaterialUpdate":false,"showSkybox":true,"showFlares":true,"showImageEffects":true,"showParticleSystems":true},"in2DMode":false,"pivot":{"x":0.04937005043029785,"y":2.4621126651763918,"z":-1.1657991409301758},"rotation":{"x":-0.015015247277915478,"y":-0.9672868847846985,"z":0.24627771973609925,"w":-0.058974362909793857},"size":3.8880538940429689,"orthographic":false}